{
  "schema_version": 1,
  "kernel": {
    "repo": "erikkaum/maxsim",
    "version": 2,
    "git_commit": "beada9d",
    "git_dirty": false
  },
  "machine": {
    "gpu_name": "NVIDIA A100-SXM4-80GB",
    "compute_capability": "8.0",
    "torch_version": "2.6.0+cu124",
    "cuda_version": "12.4"
  },
  "bench": {
    "iters_per_repeat": 30,
    "warmup": 5,
    "repeats": 3,
    "started_at": "2026-05-27T12:42:56Z",
    "wall_seconds": 75.6
  },
  "results": [
    {
      "surface": "contrastive_train",
      "preset": "Contrastive",
      "description": "Standard ColBERT-style in-batch contrastive shape: Nq=Nb=32, Lq=32, Ld=80, dim=128.",
      "shape": {
        "Nq": 32,
        "Nb": 32,
        "Lq": 32,
        "Ld": 80,
        "D": 128
      },
      "dtype": "fp16",
      "maxsim_step_ms": 0.3781760036945343,
      "naive_step_ms": 4.516031980514526,
      "step_speedup": 11.941614318190004,
      "maxsim_fwd_ms": 0.18668799847364426,
      "naive_fwd_ms": 0.9300159811973572,
      "padded_ms": null,
      "maxsim_bwd_ms": 0.19148800522089005,
      "naive_bwd_ms": 3.586015999317169,
      "bwd_speedup": 18.727105100815784,
      "maxsim_peak_mb": 25.00146484375,
      "naive_peak_mb": 44.50146484375,
      "peak_ratio": 1.7799542995527606,
      "retained_reduction": 80.0,
      "correct": true,
      "note": "",
      "variance": {
        "step_speedup_min": 11.573164572605688,
        "step_speedup_max": 11.967403117244201,
        "step_speedup_spread": 0.3942385446385135,
        "step_speedup_stdev": 0.22054640753384092,
        "n_repeats": 3
      }
    },
    {
      "surface": "contrastive_train",
      "preset": "LongDocs",
      "description": "Same in-batch contrastive batch shape but with long docs (Ld=512) \u2014 stresses the retained-similarity tensor.",
      "shape": {
        "Nq": 32,
        "Nb": 32,
        "Lq": 32,
        "Ld": 512,
        "D": 128
      },
      "dtype": "fp16",
      "maxsim_step_ms": 0.4224960058927536,
      "naive_step_ms": 4.517184019088745,
      "step_speedup": 10.6916608821987,
      "maxsim_fwd_ms": 0.35102400183677673,
      "naive_fwd_ms": 1.1321280002593994,
      "padded_ms": null,
      "maxsim_bwd_ms": 0.07147200405597687,
      "naive_bwd_ms": 3.3850560188293457,
      "bwd_speedup": 47.36198548704707,
      "maxsim_peak_mb": 55.37646484375,
      "naive_peak_mb": 179.50146484375,
      "peak_ratio": 3.2414756945975256,
      "retained_reduction": 512.0,
      "correct": true,
      "note": "",
      "variance": {
        "step_speedup_min": 10.65495824946712,
        "step_speedup_max": 10.724330213893916,
        "step_speedup_spread": 0.0693719644267965,
        "step_speedup_stdev": 0.034705518128183524,
        "n_repeats": 3
      }
    },
    {
      "surface": "contrastive_train",
      "preset": "BigBatch",
      "description": "Doubled in-batch batch size (Nq=Nb=64) at Ld=128. Bigger grid; more SM-occupancy headroom.",
      "shape": {
        "Nq": 64,
        "Nb": 64,
        "Lq": 32,
        "Ld": 128,
        "D": 128
      },
      "dtype": "fp16",
      "maxsim_step_ms": 0.504831999540329,
      "naive_step_ms": 8.28606367111206,
      "step_speedup": 16.41350722350579,
      "maxsim_fwd_ms": 0.3699200004339218,
      "naive_fwd_ms": 1.7982400059700012,
      "padded_ms": null,
      "maxsim_bwd_ms": 0.13491199910640717,
      "naive_bwd_ms": 6.487823665142059,
      "bwd_speedup": 48.08930049302,
      "maxsim_peak_mb": 40.00146484375,
      "naive_peak_mb": 166.00146484375,
      "peak_ratio": 4.149884647779012,
      "retained_reduction": 128.0,
      "correct": true,
      "note": "",
      "variance": {
        "step_speedup_min": 16.33971255698625,
        "step_speedup_max": 16.48456093341429,
        "step_speedup_spread": 0.14484837642804038,
        "step_speedup_stdev": 0.07262001635941817,
        "n_repeats": 3
      }
    },
    {
      "surface": "padded_infer",
      "preset": "Rerank",
      "description": "Padded reranking at typical inference shape: B=32 queries \u00d7 K=50 candidates, Lq=32, Ld=180, dim=128.",
      "shape": {
        "B": 32,
        "K": 50,
        "Lq": 32,
        "Ld": 180,
        "D": 128
      },
      "dtype": "fp16",
      "maxsim_step_ms": 0.5432479977607727,
      "naive_step_ms": 0.9610719978809357,
      "step_speedup": 1.7691220250095758,
      "maxsim_fwd_ms": null,
      "naive_fwd_ms": null,
      "padded_ms": null,
      "maxsim_bwd_ms": null,
      "naive_bwd_ms": null,
      "bwd_speedup": null,
      "maxsim_peak_mb": 88.08837890625,
      "naive_peak_mb": 265.20703125,
      "peak_ratio": 3.010692608297996,
      "retained_reduction": null,
      "correct": true,
      "note": "",
      "variance": {
        "step_speedup_min": 1.7682887308899156,
        "step_speedup_max": 1.7701761892288426,
        "step_speedup_spread": 0.001887458338927006,
        "step_speedup_stdev": 0.0009441977417999265,
        "n_repeats": 3
      }
    },
    {
      "surface": "padded_infer",
      "preset": "HeavyRerank",
      "description": "Padded reranking at K=100 candidates per query \u2014 bigger memory and compute envelope.",
      "shape": {
        "B": 32,
        "K": 100,
        "Lq": 32,
        "Ld": 256,
        "D": 128
      },
      "dtype": "fp16",
      "maxsim_step_ms": 0.5915519893169403,
      "naive_step_ms": 2.46942400932312,
      "step_speedup": 4.174483483986829,
      "maxsim_fwd_ms": null,
      "naive_fwd_ms": null,
      "padded_ms": null,
      "maxsim_bwd_ms": null,
      "naive_bwd_ms": null,
      "bwd_speedup": null,
      "maxsim_peak_mb": 217.79931640625,
      "naive_peak_mb": 718.287109375,
      "peak_ratio": 3.297930963360856,
      "retained_reduction": null,
      "correct": true,
      "note": "",
      "variance": {
        "step_speedup_min": 4.158600117694145,
        "step_speedup_max": 4.181608730072097,
        "step_speedup_spread": 0.02300861237795182,
        "step_speedup_stdev": 0.011962171311250533,
        "n_repeats": 3
      }
    },
    {
      "surface": "packed_infer",
      "preset": "PackedRerank",
      "description": "Same fixed-K reranking shape as Rerank, expressed through the packed pair API to measure packing/layout overhead.",
      "shape": {
        "B": 32,
        "K": 50,
        "Lq": 32,
        "Ld": 180,
        "D": 128
      },
      "dtype": "fp16",
      "maxsim_step_ms": 8.975791931152344,
      "naive_step_ms": 0.9608159959316254,
      "step_speedup": 0.10704526166620625,
      "maxsim_fwd_ms": null,
      "naive_fwd_ms": null,
      "padded_ms": 0.5424639880657196,
      "maxsim_bwd_ms": null,
      "naive_bwd_ms": null,
      "bwd_speedup": null,
      "maxsim_peak_mb": 88.1142578125,
      "naive_peak_mb": 265.23291015625,
      "peak_ratio": 3.0101020736126967,
      "retained_reduction": null,
      "correct": true,
      "note": "",
      "variance": {
        "step_speedup_min": 0.10688905224025362,
        "step_speedup_max": 0.1071112161063771,
        "step_speedup_spread": 0.00022216386612347594,
        "step_speedup_stdev": 0.00011294634361070731,
        "n_repeats": 3
      }
    },
    {
      "surface": "packed_infer",
      "preset": "PackedHeavyRerank",
      "description": "Same fixed-K reranking shape as HeavyRerank, expressed through the packed pair API.",
      "shape": {
        "B": 32,
        "K": 100,
        "Lq": 32,
        "Ld": 256,
        "D": 128
      },
      "dtype": "fp16",
      "maxsim_step_ms": 24.708687782287598,
      "naive_step_ms": 2.46833598613739,
      "step_speedup": 0.0998974938647618,
      "maxsim_fwd_ms": null,
      "naive_fwd_ms": null,
      "padded_ms": 0.5894079804420471,
      "maxsim_bwd_ms": null,
      "naive_bwd_ms": null,
      "bwd_speedup": null,
      "maxsim_peak_mb": 217.84912109375,
      "naive_peak_mb": 718.3369140625,
      "peak_ratio": 3.2974056101579046,
      "retained_reduction": null,
      "correct": true,
      "note": "",