{
  "schema_version": 1,
  "kernel": {
    "repo": "erikkaum/maxsim",
    "version": 2,
    "git_commit": "3ba63de",
    "git_dirty": false
  },
  "machine": {
    "gpu_name": "NVIDIA A10G",
    "compute_capability": "8.6",
    "torch_version": "2.6.0+cu124",
    "cuda_version": "12.4"
  },
  "bench": {
    "iters_per_repeat": 30,
    "warmup": 5,
    "repeats": 3,
    "started_at": "2026-05-27T13:32:05Z",
    "wall_seconds": 76.6
  },
  "results": [
    {
      "surface": "contrastive_train",
      "preset": "Contrastive",
      "description": "Standard ColBERT-style in-batch contrastive shape: Nq=Nb=32, Lq=32, Ld=80, dim=128.",
      "shape": {
        "Nq": 32,
        "Nb": 32,
        "Lq": 32,
        "Ld": 80,
        "D": 128
      },
      "dtype": "fp16",
      "maxsim_step_ms": 0.43321599066257477,
      "naive_step_ms": 4.085775852203369,
      "step_speedup": 9.431267405329265,
      "maxsim_fwd_ms": 0.19203200191259384,
      "naive_fwd_ms": 0.9875839948654175,
      "padded_ms": null,
      "maxsim_bwd_ms": 0.24118398874998093,
      "naive_bwd_ms": 3.0981918573379517,
      "bwd_speedup": 12.845760920512998,
      "maxsim_peak_mb": 25.00146484375,
      "naive_peak_mb": 44.50146484375,
      "peak_ratio": 1.7799542995527606,
      "retained_reduction": 80.0,
      "correct": true,
      "note": "",
      "variance": {
        "step_speedup_min": 9.4243059797537,
        "step_speedup_max": 10.217062261531483,
        "step_speedup_spread": 0.7927562817777822,
        "step_speedup_stdev": 0.4000849396670417,
        "n_repeats": 3
      }
    },
    {
      "surface": "contrastive_train",
      "preset": "LongDocs",
      "description": "Same in-batch contrastive batch shape but with long docs (Ld=512) \u2014 stresses the retained-similarity tensor.",
      "shape": {
        "Nq": 32,
        "Nb": 32,
        "Lq": 32,
        "Ld": 512,
        "D": 128
      },
      "dtype": "fp16",
      "maxsim_step_ms": 0.5130240023136139,
      "naive_step_ms": 4.071792125701904,
      "step_speedup": 7.93684526910848,
      "maxsim_fwd_ms": 0.3713440001010895,
      "naive_fwd_ms": 1.2565280199050903,
      "padded_ms": null,
      "maxsim_bwd_ms": 0.14168000221252441,
      "naive_bwd_ms": 2.815264105796814,
      "bwd_speedup": 19.870582028745527,
      "maxsim_peak_mb": 55.37646484375,
      "naive_peak_mb": 179.50146484375,
      "peak_ratio": 3.2414756945975256,
      "retained_reduction": 512.0,
      "correct": true,
      "note": "",
      "variance": {
        "step_speedup_min": 7.818828996268285,
        "step_speedup_max": 8.223286528609568,
        "step_speedup_spread": 0.4044575323412838,
        "step_speedup_stdev": 0.2079913184355146,
        "n_repeats": 3
      }
    },
    {
      "surface": "contrastive_train",
      "preset": "BigBatch",
      "description": "Doubled in-batch batch size (Nq=Nb=64) at Ld=128. Bigger grid; more SM-occupancy headroom.",
      "shape": {
        "Nq": 64,
        "Nb": 64,
        "Lq": 32,
        "Ld": 128,
        "D": 128
      },
      "dtype": "fp16",
      "maxsim_step_ms": 0.6357599794864655,
      "naive_step_ms": 7.426127910614014,
      "step_speedup": 11.680709938068864,
      "maxsim_fwd_ms": 0.4578720033168793,
      "naive_fwd_ms": 1.9006080031394958,
      "padded_ms": null,
      "maxsim_bwd_ms": 0.17788797616958618,
      "naive_bwd_ms": 5.525519907474518,
      "bwd_speedup": 31.061795330151302,
      "maxsim_peak_mb": 40.00146484375,
      "naive_peak_mb": 166.00146484375,
      "peak_ratio": 4.149884647779012,
      "retained_reduction": 128.0,
      "correct": true,
      "note": "",
      "variance": {
        "step_speedup_min": 11.265946357158002,
        "step_speedup_max": 12.12273873301218,
        "step_speedup_spread": 0.8567923758541784,
        "step_speedup_stdev": 0.4310053413913759,
        "n_repeats": 3
      }
    },
    {
      "surface": "padded_infer",
      "preset": "Rerank",
      "description": "Padded reranking at typical inference shape: B=32 queries \u00d7 K=50 candidates, Lq=32, Ld=180, dim=128.",
      "shape": {
        "B": 32,
        "K": 50,
        "Lq": 32,
        "Ld": 180,
        "D": 128
      },
      "dtype": "fp16",
      "maxsim_step_ms": 0.6616159975528717,
      "naive_step_ms": 1.3984799981117249,
      "step_speedup": 2.1137336510669367,
      "maxsim_fwd_ms": null,
      "naive_fwd_ms": null,
      "padded_ms": null,
      "maxsim_bwd_ms": null,
      "naive_bwd_ms": null,
      "bwd_speedup": null,
      "maxsim_peak_mb": 88.08837890625,
      "naive_peak_mb": 265.20703125,
      "peak_ratio": 3.010692608297996,
      "retained_reduction": null,
      "correct": true,
      "note": "",
      "variance": {
        "step_speedup_min": 2.1079654122151825,
        "step_speedup_max": 2.114264949760867,
        "step_speedup_spread": 0.006299537545684686,
        "step_speedup_stdev": 0.0034937809281290412,
        "n_repeats": 3
      }
    },
    {
      "surface": "padded_infer",
      "preset": "HeavyRerank",
      "description": "Padded reranking at K=100 candidates per query \u2014 bigger memory and compute envelope.",
      "shape": {
        "B": 32,
        "K": 100,
        "Lq": 32,
        "Ld": 256,
        "D": 128
      },
      "dtype": "fp16",
      "maxsim_step_ms": 0.9633919894695282,
      "naive_step_ms": 3.7719039916992188,
      "step_speedup": 3.915232878131091,
      "maxsim_fwd_ms": null,
      "naive_fwd_ms": null,
      "padded_ms": null,
      "maxsim_bwd_ms": null,
      "naive_bwd_ms": null,
      "bwd_speedup": null,
      "maxsim_peak_mb": 217.79931640625,
      "naive_peak_mb": 718.287109375,
      "peak_ratio": 3.297930963360856,
      "retained_reduction": null,
      "correct": true,
      "note": "",
      "variance": {
        "step_speedup_min": 3.9071595394805434,
        "step_speedup_max": 3.920194855242726,
        "step_speedup_spread": 0.013035315762182531,
        "step_speedup_stdev": 0.00657925364108801,
        "n_repeats": 3
      }
    },
    {
      "surface": "packed_infer",
      "preset": "PackedRerank",
      "description": "Same fixed-K reranking shape as Rerank, expressed through the packed pair API to measure packing/layout overhead.",
      "shape": {
        "B": 32,
        "K": 50,
        "Lq": 32,
        "Ld": 180,
        "D": 128
      },
      "dtype": "fp16",
      "maxsim_step_ms": 9.724239826202393,
      "naive_step_ms": 1.399183988571167,
      "step_speedup": 0.1438862074134581,
      "maxsim_fwd_ms": null,
      "naive_fwd_ms": null,
      "padded_ms": 0.6612800061702728,
      "maxsim_bwd_ms": null,
      "naive_bwd_ms": null,
      "bwd_speedup": null,
      "maxsim_peak_mb": 88.1142578125,
      "naive_peak_mb": 265.23291015625,
      "peak_ratio": 3.0101020736126967,
      "retained_reduction": null,
      "correct": true,
      "note": "",
      "variance": {
        "step_speedup_min": 0.14373507982043493,
        "step_speedup_max": 0.1438894756094263,
        "step_speedup_spread": 0.00015439578899137385,
        "step_speedup_stdev": 8.821214026059485e-05,
        "n_repeats": 3
      }
    },
    {
      "surface": "packed_infer",
      "preset": "PackedHeavyRerank",
      "description": "Same fixed-K reranking shape as HeavyRerank, expressed through the packed pair API.",
      "shape": {
        "B": 32,
        "K": 100,
        "Lq": 32,
        "Ld": 256,
        "D": 128
      },
      "dtype": "fp16",
      "maxsim_step_ms": 26.931296348571777,
      "naive_step_ms": 3.7721760272979736,
      "step_speedup": 0.14006663394419258,
      "maxsim_fwd_ms": null,
      "naive_fwd_ms": null,
      "padded_ms": 0.9611999988555908,
      "maxsim_bwd_ms": null,
      "naive_bwd_ms": null,
      "bwd_speedup": null,
      "maxsim_peak_mb": 217.84912109375,
      "naive_peak_mb": 718.3369140625,
      "peak_ratio": 3.2974056101579046,
      "retained_reduction": null,
      "correct": true,
      "note": "",