{
  "schema_version": 1,
  "kernel": {
    "repo": "erikkaum/maxsim",
    "version": 2,
    "git_commit": "637b1c1",
    "git_dirty": false
  },
  "machine": {
    "gpu_name": "NVIDIA H200",
    "compute_capability": "9.0",
    "torch_version": "2.6.0+cu124",
    "cuda_version": "12.4"
  },
  "bench": {
    "iters_per_repeat": 30,
    "warmup": 5,
    "repeats": 3,
    "started_at": "2026-05-27T12:11:21Z",
    "wall_seconds": 58.1
  },
  "results": [
    {
      "surface": "contrastive_train",
      "preset": "Contrastive",
      "description": "Standard ColBERT-style in-batch contrastive shape: Nq=Nb=32, Lq=32, Ld=80, dim=128.",
      "shape": {
        "Nq": 32,
        "Nb": 32,
        "Lq": 32,
        "Ld": 80,
        "D": 128
      },
      "dtype": "fp16",
      "maxsim_step_ms": 0.26097600162029266,
      "naive_step_ms": 2.6967039108276367,
      "step_speedup": 10.33314900253246,
      "maxsim_fwd_ms": 0.09904000163078308,
      "naive_fwd_ms": 0.6135999858379364,
      "padded_ms": null,
      "maxsim_bwd_ms": 0.16193599998950958,
      "naive_bwd_ms": 2.0831039249897003,
      "bwd_speedup": 12.863748179062386,
      "maxsim_peak_mb": 71.50146484375,
      "naive_peak_mb": 91.00146484375,
      "peak_ratio": 1.2727216853894219,
      "retained_reduction": 80.0,
      "correct": true,
      "note": "",
      "variance": {
        "step_speedup_min": 10.110011033303818,
        "step_speedup_max": 11.310186398198212,
        "step_speedup_spread": 1.2001753648943936,
        "step_speedup_stdev": 0.6341473388948077,
        "n_repeats": 3
      }
    },
    {
      "surface": "contrastive_train",
      "preset": "LongDocs",
      "description": "Same in-batch contrastive batch shape but with long docs (Ld=512) \u2014 stresses the retained-similarity tensor.",
      "shape": {
        "Nq": 32,
        "Nb": 32,
        "Lq": 32,
        "Ld": 512,
        "D": 128
      },
      "dtype": "fp16",
      "maxsim_step_ms": 0.2699040025472641,
      "naive_step_ms": 2.702608108520508,
      "step_speedup": 10.013219822656175,
      "maxsim_fwd_ms": 0.19257599860429764,
      "naive_fwd_ms": 0.7160159945487976,
      "padded_ms": null,
      "maxsim_bwd_ms": 0.07732800394296646,
      "naive_bwd_ms": 1.9865921139717102,
      "bwd_speedup": 25.690461575045028,
      "maxsim_peak_mb": 101.87646484375,
      "naive_peak_mb": 226.00146484375,
      "peak_ratio": 2.2183873889850125,
      "retained_reduction": 512.0,
      "correct": true,
      "note": "",
      "variance": {
        "step_speedup_min": 9.902275008451678,
        "step_speedup_max": 10.671134569426348,
        "step_speedup_spread": 0.7688595609746702,
        "step_speedup_stdev": 0.4003266791016333,
        "n_repeats": 3
      }
    },
    {
      "surface": "contrastive_train",
      "preset": "BigBatch",
      "description": "Doubled in-batch batch size (Nq=Nb=64) at Ld=128. Bigger grid; more SM-occupancy headroom.",
      "shape": {
        "Nq": 64,
        "Nb": 64,
        "Lq": 32,
        "Ld": 128,
        "D": 128
      },
      "dtype": "fp16",
      "maxsim_step_ms": 0.31971199810504913,
      "naive_step_ms": 4.905727863311768,
      "step_speedup": 15.344209452220406,
      "maxsim_fwd_ms": 0.23491200059652328,
      "naive_fwd_ms": 1.1827999949455261,
      "padded_ms": null,
      "maxsim_bwd_ms": 0.08479999750852585,
      "naive_bwd_ms": 3.7229278683662415,
      "bwd_speedup": 43.90245256778381,
      "maxsim_peak_mb": 86.00146484375,
      "naive_peak_mb": 212.00146484375,
      "peak_ratio": 2.4650913240712877,
      "retained_reduction": 128.0,
      "correct": true,
      "note": "",
      "variance": {
        "step_speedup_min": 14.462052565814945,
        "step_speedup_max": 15.345710605141086,
        "step_speedup_spread": 0.8836580393261411,
        "step_speedup_stdev": 0.48774597495002314,
        "n_repeats": 3
      }
    },
    {
      "surface": "padded_infer",
      "preset": "Rerank",
      "description": "Padded reranking at typical inference shape: B=32 queries \u00d7 K=50 candidates, Lq=32, Ld=180, dim=128.",
      "shape": {
        "B": 32,
        "K": 50,
        "Lq": 32,
        "Ld": 180,
        "D": 128
      },
      "dtype": "fp16",
      "maxsim_step_ms": 0.32652801275253296,
      "naive_step_ms": 0.3807839900255203,
      "step_speedup": 1.1661602531912219,
      "maxsim_fwd_ms": null,
      "naive_fwd_ms": null,
      "padded_ms": null,
      "maxsim_bwd_ms": null,
      "naive_bwd_ms": null,
      "bwd_speedup": null,
      "maxsim_peak_mb": 134.58837890625,
      "naive_peak_mb": 311.70703125,
      "peak_ratio": 2.316002568595653,
      "retained_reduction": null,
      "correct": true,
      "note": "",
      "variance": {
        "step_speedup_min": 1.1567512241545987,
        "step_speedup_max": 1.1693121683375103,
        "step_speedup_spread": 0.012560944182911538,
        "step_speedup_stdev": 0.006957823683154729,
        "n_repeats": 3
      }
    },
    {
      "surface": "padded_infer",
      "preset": "HeavyRerank",
      "description": "Padded reranking at K=100 candidates per query \u2014 bigger memory and compute envelope.",
      "shape": {
        "B": 32,
        "K": 100,
        "Lq": 32,
        "Ld": 256,
        "D": 128
      },
      "dtype": "fp16",
      "maxsim_step_ms": 0.3345919996500015,
      "naive_step_ms": 0.8260640203952789,
      "step_speedup": 2.468869612122763,
      "maxsim_fwd_ms": null,
      "naive_fwd_ms": null,
      "padded_ms": null,
      "maxsim_bwd_ms": null,
      "naive_bwd_ms": null,
      "bwd_speedup": null,
      "maxsim_peak_mb": 264.29931640625,
      "naive_peak_mb": 764.787109375,
      "peak_ratio": 2.8936401341252758,
      "retained_reduction": null,
      "correct": true,
      "note": "",
      "variance": {
        "step_speedup_min": 2.466239445296578,
        "step_speedup_max": 2.4838353966837907,
        "step_speedup_spread": 0.017595951387212594,
        "step_speedup_stdev": 0.009558053492809965,
        "n_repeats": 3
      }
    },
    {
      "surface": "packed_infer",
      "preset": "PackedRerank",
      "description": "Same fixed-K reranking shape as Rerank, expressed through the packed pair API to measure packing/layout overhead.",
      "shape": {
        "B": 32,
        "K": 50,
        "Lq": 32,
        "Ld": 180,
        "D": 128
      },
      "dtype": "fp16",
      "maxsim_step_ms": 5.526592016220093,
      "naive_step_ms": 0.38019199669361115,
      "step_speedup": 0.06879320846875958,
      "maxsim_fwd_ms": null,
      "naive_fwd_ms": null,
      "padded_ms": 0.3279999941587448,
      "maxsim_bwd_ms": null,
      "naive_bwd_ms": null,
      "bwd_speedup": null,
      "maxsim_peak_mb": 134.6142578125,
      "naive_peak_mb": 311.73291015625,
      "peak_ratio": 2.315749573796656,
      "retained_reduction": null,
      "correct": true,
      "note": "",
      "variance": {
        "step_speedup_min": 0.06879320846875958,
        "step_speedup_max": 0.06886820242833643,
        "step_speedup_spread": 7.499395957684396e-05,
        "step_speedup_stdev": 3.8552074983009256e-05,
        "n_repeats": 3
      }
    },
    {
      "surface": "packed_infer",
      "preset": "PackedHeavyRerank",
      "description": "Same fixed-K reranking shape as HeavyRerank, expressed through the packed pair API.",
      "shape": {
        "B": 32,
        "K": 100,
        "Lq": 32,
        "Ld": 256,
        "D": 128
      },
      "dtype": "fp16",
      "maxsim_step_ms": 14.64025592803955,
      "naive_step_ms": 0.8252319991588593,
      "step_speedup": 0.05636732057247339,
      "maxsim_fwd_ms": null,
      "naive_fwd_ms": null,
      "padded_ms": 0.3330399990081787,
      "maxsim_bwd_ms": null,
      "naive_bwd_ms": null,
      "bwd_speedup": null,
      "maxsim_peak_mb": 264.34912109375,
      "naive_peak_mb": 764.8369140625,
      "peak_ratio": 2.8932833629178387,
      "retained_reduction": null,
      "correct": true,
      "note": "",