{
  "schema_version": 1,
  "kernel": {
    "repo": "erikkaum/maxsim",
    "version": 2,
    "git_commit": "2bca7cf",
    "git_dirty": false
  },
  "machine": {
    "gpu_name": "NVIDIA L4",
    "compute_capability": "8.9",
    "torch_version": "2.6.0+cu124",
    "cuda_version": "12.4"
  },
  "bench": {
    "iters_per_repeat": 30,
    "warmup": 5,
    "repeats": 3,
    "started_at": "2026-05-27T13:45:23Z",
    "wall_seconds": 65.3
  },
  "results": [
    {
      "surface": "contrastive_train",
      "preset": "Contrastive",
      "description": "Standard ColBERT-style in-batch contrastive shape: Nq=Nb=32, Lq=32, Ld=80, dim=128.",
      "shape": {
        "Nq": 32,
        "Nb": 32,
        "Lq": 32,
        "Ld": 80,
        "D": 128
      },
      "dtype": "fp16",
      "maxsim_step_ms": 0.35999999940395355,
      "naive_step_ms": 3.3399200439453125,
      "step_speedup": 9.277555692986574,
      "maxsim_fwd_ms": 0.19820799678564072,
      "naive_fwd_ms": 0.7876800000667572,
      "padded_ms": null,
      "maxsim_bwd_ms": 0.16179200261831284,
      "naive_bwd_ms": 2.5522400438785553,
      "bwd_speedup": 15.774822009587226,
      "maxsim_peak_mb": 25.00146484375,
      "naive_peak_mb": 44.50146484375,
      "peak_ratio": 1.7799542995527606,
      "retained_reduction": 80.0,
      "correct": true,
      "note": "",
      "variance": {
        "step_speedup_min": 9.277555692986574,
        "step_speedup_max": 9.504756505031438,
        "step_speedup_spread": 0.2272008120448632,
        "step_speedup_stdev": 0.12807758688384926,
        "n_repeats": 3
      }
    },
    {
      "surface": "contrastive_train",
      "preset": "LongDocs",
      "description": "Same in-batch contrastive batch shape but with long docs (Ld=512) \u2014 stresses the retained-similarity tensor.",
      "shape": {
        "Nq": 32,
        "Nb": 32,
        "Lq": 32,
        "Ld": 512,
        "D": 128
      },
      "dtype": "fp16",
      "maxsim_step_ms": 0.46801599860191345,
      "naive_step_ms": 3.700927972793579,
      "step_speedup": 7.9076954288939305,
      "maxsim_fwd_ms": 0.4289119988679886,
      "naive_fwd_ms": 1.362559974193573,
      "padded_ms": null,
      "maxsim_bwd_ms": 0.039103999733924866,
      "naive_bwd_ms": 2.338367998600006,
      "bwd_speedup": 59.7986910421172,
      "maxsim_peak_mb": 55.37646484375,
      "naive_peak_mb": 179.50146484375,
      "peak_ratio": 3.2414756945975256,
      "retained_reduction": 512.0,
      "correct": true,
      "note": "",
      "variance": {
        "step_speedup_min": 7.630401657050005,
        "step_speedup_max": 7.976223122982863,
        "step_speedup_spread": 0.34582146593285845,
        "step_speedup_stdev": 0.17470502063182353,
        "n_repeats": 3
      }
    },
    {
      "surface": "contrastive_train",
      "preset": "BigBatch",
      "description": "Doubled in-batch batch size (Nq=Nb=64) at Ld=128. Bigger grid; more SM-occupancy headroom.",
      "shape": {
        "Nq": 64,
        "Nb": 64,
        "Lq": 32,
        "Ld": 128,
        "D": 128
      },
      "dtype": "fp16",
      "maxsim_step_ms": 0.7113120257854462,
      "naive_step_ms": 5.8275840282440186,
      "step_speedup": 8.192725297746899,
      "maxsim_fwd_ms": 0.515504002571106,
      "naive_fwd_ms": 1.7996320128440857,
      "padded_ms": null,
      "maxsim_bwd_ms": 0.1958080232143402,
      "naive_bwd_ms": 4.027952015399933,
      "bwd_speedup": 20.570924261825354,
      "maxsim_peak_mb": 40.00146484375,
      "naive_peak_mb": 166.00146484375,
      "peak_ratio": 4.149884647779012,
      "retained_reduction": 128.0,
      "correct": true,
      "note": "",
      "variance": {
        "step_speedup_min": 8.192725297746899,
        "step_speedup_max": 8.411007259817843,
        "step_speedup_spread": 0.21828196207094486,
        "step_speedup_stdev": 0.12143519790194647,
        "n_repeats": 3
      }
    },
    {
      "surface": "padded_infer",
      "preset": "Rerank",
      "description": "Padded reranking at typical inference shape: B=32 queries \u00d7 K=50 candidates, Lq=32, Ld=180, dim=128.",
      "shape": {
        "B": 32,
        "K": 50,
        "Lq": 32,
        "Ld": 180,
        "D": 128
      },
      "dtype": "fp16",
      "maxsim_step_ms": 0.7977280020713806,
      "naive_step_ms": 2.378383994102478,
      "step_speedup": 2.9814472952269018,
      "maxsim_fwd_ms": null,
      "naive_fwd_ms": null,
      "padded_ms": null,
      "maxsim_bwd_ms": null,
      "naive_bwd_ms": null,
      "bwd_speedup": null,
      "maxsim_peak_mb": 88.08837890625,
      "naive_peak_mb": 265.20703125,
      "peak_ratio": 3.010692608297996,
      "retained_reduction": null,
      "correct": true,
      "note": "",
      "variance": {
        "step_speedup_min": 2.9728460976318836,
        "step_speedup_max": 2.9953142950664073,
        "step_speedup_spread": 0.022468197434523773,
        "step_speedup_stdev": 0.011336476382119615,
        "n_repeats": 3
      }
    },
    {
      "surface": "padded_infer",
      "preset": "HeavyRerank",
      "description": "Padded reranking at K=100 candidates per query \u2014 bigger memory and compute envelope.",
      "shape": {
        "B": 32,
        "K": 100,
        "Lq": 32,
        "Ld": 256,
        "D": 128
      },
      "dtype": "fp16",
      "maxsim_step_ms": 1.4860960245132446,
      "naive_step_ms": 7.248847961425781,
      "step_speedup": 4.877778987262998,
      "maxsim_fwd_ms": null,
      "naive_fwd_ms": null,
      "padded_ms": null,
      "maxsim_bwd_ms": null,
      "naive_bwd_ms": null,
      "bwd_speedup": null,
      "maxsim_peak_mb": 217.79931640625,
      "naive_peak_mb": 718.287109375,
      "peak_ratio": 3.297930963360856,
      "retained_reduction": null,
      "correct": true,
      "note": "",
      "variance": {
        "step_speedup_min": 4.869862281063775,
        "step_speedup_max": 4.884415653675937,
        "step_speedup_spread": 0.01455337261216183,
        "step_speedup_stdev": 0.007286062408345893,
        "n_repeats": 3
      }
    },
    {
      "surface": "packed_infer",
      "preset": "PackedRerank",
      "description": "Same fixed-K reranking shape as Rerank, expressed through the packed pair API to measure packing/layout overhead.",
      "shape": {
        "B": 32,
        "K": 50,
        "Lq": 32,
        "Ld": 180,
        "D": 128
      },
      "dtype": "fp16",
      "maxsim_step_ms": 11.198591709136963,
      "naive_step_ms": 2.3494080305099487,
      "step_speedup": 0.20979495382379731,
      "maxsim_fwd_ms": null,
      "naive_fwd_ms": null,
      "padded_ms": 0.9465599954128265,
      "maxsim_bwd_ms": null,
      "naive_bwd_ms": null,
      "bwd_speedup": null,
      "maxsim_peak_mb": 88.1142578125,
      "naive_peak_mb": 265.23291015625,
      "peak_ratio": 3.0101020736126967,
      "retained_reduction": null,
      "correct": true,
      "note": "",
      "variance": {
        "step_speedup_min": 0.2080611203741817,
        "step_speedup_max": 0.20999316825846812,
        "step_speedup_spread": 0.0019320478842864142,
        "step_speedup_stdev": 0.0010628794554019638,
        "n_repeats": 3
      }
    },
    {
      "surface": "packed_infer",
      "preset": "PackedHeavyRerank",
      "description": "Same fixed-K reranking shape as HeavyRerank, expressed through the packed pair API.",
      "shape": {
        "B": 32,
        "K": 100,
        "Lq": 32,
        "Ld": 256,
        "D": 128
      },
      "dtype": "fp16",
      "maxsim_step_ms": 31.163392066955566,
      "naive_step_ms": 7.256576061248779,
      "step_speedup": 0.23285578301802926,
      "maxsim_fwd_ms": null,
      "naive_fwd_ms": null,
      "padded_ms": 1.5248479843139648,
      "maxsim_bwd_ms": null,
      "naive_bwd_ms": null,
      "bwd_speedup": null,
      "maxsim_peak_mb": 217.84912109375,
      "naive_peak_mb": 718.3369140625,
      "peak_ratio": 3.2974056101579046,
      "retained_reduction": null,
      "correct": true,
      "note": "",